{
  "version": 1,
  "author": "Luciano Lujan",
  "editor": "wokwi",
  "parts": [
    { "type": "wokwi-arduino-uno", "id": "uno", "top": 0, "left": 0, "attrs": {} },
    {
      "type": "wokwi-dht22",
      "id": "dht1",
      "top": -182.1,
      "left": 349.8,
      "attrs": { "temperature": "57.8", "humidity": "100" }
    }
  ],
  "connections": [
    [ "uno:3.3V", "uno:5V", "green", [ "v0" ] ],
    [ "dht1:VCC", "uno:5V", "red", [ "v249.6", "h-67.2" ] ],
    [ "dht1:GND", "uno:GND.2", "black", [ "v230.4", "h-384" ] ],
    [ "dht1:SDA", "uno:2", "green", [ "v-38.4", "h-115.1" ] ]
  ],
  "dependencies": {}
}